,symbol,interval,open_time,open,high,low,close,volume,turnover
2021-01-01 08:00:00,BTCUSD,720,1609459200,28955,29541,28740,29412,1437613641,49124.06488889239
2021-01-01 20:00:00,BTCUSD,720,1609502400,29412,29724,28715.5,29394.5,1475402607,50392.0870853613
2021-01-02 08:00:00,BTCUSD,720,1609545600,29394.5,29965,29051,29840,1392941823,47002.303879908795
2021-01-02 20:00:00,BTCUSD,720,1609588800,29840,33433,29833.5,32214.5,6218863924,195497.19175500775
2021-01-03 08:00:00,BTCUSD,720,1609632000,32214.5,34861,32013,34437.5,3792980972,112327.82553606806
2021-01-03 20:00:00,BTCUSD,720,1609675200,34437.5,34598,32370.5,33092,4162311887,124763.77556096188
2021-01-04 08:00:00,BTCUSD,720,1609718400,33092,33662,27744,30750.5,5544706406,178686.16891850843
2021-01-04 20:00:00,BTCUSD,720,1609761600,30750.5,32145.5,30469.5,32050.5,3026326026,96609.62029442583
2021-01-05 08:00:00,BTCUSD,720,1609804800,32050.5,32897.5,29930,31833,3382669054,107490.08029086358
2021-01-05 20:00:00,BTCUSD,720,1609848000,31833,34562.5,31152.5,34088,3343930657,101254.01005977782
2021-01-06 08:00:00,BTCUSD,720,1609891200,34088,35969,33381,35086.5,3496106760,100872.21820012461
2021-01-06 20:00:00,BTCUSD,720,1609934400,35086.5,37052.5,34191.5,36886.5,4202205682,118731.36833117761
2021-01-07 08:00:00,BTCUSD,720,1609977600,36886.5,38080.5,36388,37990,2840293063,76289.69816830299
2021-01-07 20:00:00,BTCUSD,720,1610020800,37990,40544,36555,39500,7877053374,202595.7956501217
2021-01-08 08:00:00,BTCUSD,720,1610064000,39500,41686,36500,41449,5127282689,131728.93590528332
2021-01-08 20:00:00,BTCUSD,720,1610107200,41449,42097,38666,40614.5,5725195075,141096.691962809
2021-01-09 08:00:00,BTCUSD,720,1610150400,40614.5,41333.5,38700,40631,3119323827,77768.90472760641
2021-01-09 20:00:00,BTCUSD,720,1610193600,40631,41533,40005,40300,2589357633,63595.58583596905
2021-01-10 08:00:00,BTCUSD,720,1610236800,40300,41550,38877,39156.5,2571340088,63516.37217263087
2021-01-10 20:00:00,BTCUSD,720,1610280000,39156.5,40040,34971,38221.5,6986976365,183543.3760321448
2021-01-11 08:00:00,BTCUSD,720,1610323200,38221.5,38298.5,32507.5,34173,7744381797,221882.81652193202
2021-01-11 20:00:00,BTCUSD,720,1610366400,34173,35516.5,30404,35324.5,8585741742,263332.93086245493
2021-01-12 08:00:00,BTCUSD,720,1610409600,35324.5,36744.5,33732.5,35423.5,3372436436,95482.66562977782
2021-01-12 20:00:00,BTCUSD,720,1610452800,35423.5,35748,32560,34037.5,4768084309,139471.1601736284
2021-01-13 08:00:00,BTCUSD,720,1610496000,34037.5,35289,32330.5,34384.5,3828805259,113515.80252271098
2021-01-13 20:00:00,BTCUSD,720,1610539200,34384.5,37850,34030,37421.5,3733709130,103636.14613427335
2021-01-14 08:00:00,BTCUSD,720,1610582400,37421.5,38847.5,36750,38422,2607873359,68901.60818425137
2021-01-14 20:00:00,BTCUSD,720,1610625600,38422,40181.5,37756,39144.5,3978009711,101340.17771406015
2021-01-15 08:00:00,BTCUSD,720,1610668800,39144.5,39748.5,37503.5,38125,2119801115,54996.37157945815
2021-01-15 20:00:00,BTCUSD,720,1610712000,38125,38220,34295,36737,5841489271,162010.78029934719
2021-01-16 08:00:00,BTCUSD,720,1610755200,36737,37996,35512,37740.5,2630148280,71290.14201039643
2021-01-16 20:00:00,BTCUSD,720,1610798400,37740.5,37955,35323.5,35933.5,2887657427,78478.997848989
2021-01-17 08:00:00,BTCUSD,720,1610841600,35933.5,36732,33834.5,35273,2735893178,77604.35530702898
2021-01-17 20:00:00,BTCUSD,720,1610884800,35273,36907.5,34710.5,35879.5,2082335098,58227.294266560195
2021-01-18 08:00:00,BTCUSD,720,1610928000,35879.5,36697.5,34768,36483,1792311773,50082.25861513948
2021-01-18 20:00:00,BTCUSD,720,1610971200,36483,37548.5,35353.5,36661,2394405759,65807.88725127884
2021-01-19 08:00:00,BTCUSD,720,1611014400,36661,37680,36267.5,37413,1853340726,50109.2139365021
2021-01-19 20:00:00,BTCUSD,720,1611057600,37413,37955,35792.5,35843,2553664127,69202.42233912287
2021-01-20 08:00:00,BTCUSD,720,1611100800,35843,36428,33984,34409,2760957048,78446.05430360709
2021-01-20 20:00:00,BTCUSD,720,1611144000,34409,35712.5,33342.5,35538,2497038396,72056.46372123974
2021-01-21 08:00:00,BTCUSD,720,1611187200,35538,35641,31992,32160.5,2682922762,79692.06505997709
2021-01-21 20:00:00,BTCUSD,720,1611230400,32160.5,32783.5,30005,30821,4452806707,141061.30503200513
2021-01-22 08:00:00,BTCUSD,720,1611273600,30821,32050,28829.5,31740,3580833851,116755.63934449982
2021-01-22 20:00:00,BTCUSD,720,1611316800,31740,33850,31347,33000.5,2197263887,67234.22436704602
2021-01-23 08:00:00,BTCUSD,720,1611360000,33000.5,33504,31581.5,31682,1711242507,52519.90212828125
2021-01-23 20:00:00,BTCUSD,720,1611403200,31682,32581,31443,32087.5,1470940580,45865.623309608694
2021-01-24 08:00:00,BTCUSD,720,1611446400,32087.5,33134,31641.5,32901,1056023086,32490.25773286025
2021-01-24 20:00:00,BTCUSD,720,1611489600,32901,33004,30948.5,32290.5,1605435367,50313.02625155089
2021-01-25 08:00:00,BTCUSD,720,1611532800,32290.5,33840.5,32216.5,33210,1404485964,42412.757115309665
2021-01-25 20:00:00,BTCUSD,720,1611576000,33210,34881.5,31914,32240.5,2661425829,79393.11012632902
2021-01-26 08:00:00,BTCUSD,720,1611619200,32240.5,32828.5,31103.5,31814.5,1780315375,55690.872455947465
2021-01-26 20:00:00,BTCUSD,720,1611662400,31814.5,32940,30819.5,32508,1731333116,54346.899774058154
2021-01-27 08:00:00,BTCUSD,720,1611705600,32508,32571.5,30586,30640,1423090724,45083.05551719128
2021-01-27 20:00:00,BTCUSD,720,1611748800,30640,31711.5,29250,30387.5,3365360011,110548.29413634338
2021-01-28 08:00:00,BTCUSD,720,1611792000,30387.5,31917,29875.5,31474,1422128601,45629.075731930774
2021-01-28 20:00:00,BTCUSD,720,1611835200,31474,33830,31200,33459.5,2332769412,71791.91651765243
2021-01-29 08:00:00,BTCUSD,720,1611878400,33459.5,38533.5,32023.5,37194,6334246590,178973.60041876166
2021-01-29 20:00:00,BTCUSD,720,1611921600,37194,38735,33489,34220.5,5070498577,141054.928028867
2021-01-30 08:00:00,BTCUSD,720,1611964800,34220.5,34947,32810,33703.5,1869701964,55105.153472541904
2021-01-30 20:00:00,BTCUSD,720,1612008000,33703.5,34825,33510.5,34330,1205502825,35241.95165213132
2021-01-31 08:00:00,BTCUSD,720,1612051200,34330,34387.5,33250,33614,1091468548,32257.097686439745
2021-01-31 20:00:00,BTCUSD,720,1612094400,33614,34261.5,32190,33136.5,1645727352,49740.82603467774
2021-02-01 08:00:00,BTCUSD,720,1612137600,33136.5,34797,32327,34240,1957071089,57928.72467403086
2021-02-01 20:00:00,BTCUSD,720,1612180800,34240,34500,33162,33532.5,1158628448,34335.66994654881
2021-02-02 08:00:00,BTCUSD,720,1612224000,33532.5,35720.5,33444,34790,1605979086,46457.22068747118
2021-02-02 20:00:00,BTCUSD,720,1612267200,34790,36020,34440,35524.5,1741365562,49514.97098131856
2021-02-03 08:00:00,BTCUSD,720,1612310400,35524.5,36900,35433,36050,1669577449,46054.66709994052
2021-02-03 20:00:00,BTCUSD,720,1612353600,36050,37740,35910,37712.5,1904817837,51514.227016218036
2021-02-04 08:00:00,BTCUSD,720,1612396800,37712.5,38895,36866,37386,2593695538,68594.7633574014
2021-02-04 20:00:00,BTCUSD,720,1612440000,37386,37850,36191,37017,2277317188,61271.02913511844
2021-02-05 08:00:00,BTCUSD,720,1612483200,37017,37888,36638,37783.5,1337604770,35762.80381301151
2021-02-05 20:00:00,BTCUSD,720,1612526400,37783.5,38426.5,37251.5,38392.5,2068733475,54514.15710621952
2021-02-06 08:00:00,BTCUSD,720,1612569600,38392.5,40547,38314.5,40272.5,2892020102,73415.56566043527
2021-02-06 20:00:00,BTCUSD,720,1612612800,40272.5,41002.5,39173,39308,2670589949,66271.4564140481
2021-02-07 08:00:00,BTCUSD,720,1612656000,39308,39844.5,38005,39191.5,2512374337,64370.59045609906
2021-02-07 20:00:00,BTCUSD,720,1612699200,39191.5,39397.5,37458,38870,2546534740,66373.34107504868
2021-02-08 08:00:00,BTCUSD,720,1612742400,38870,39579.5,38032,39516.5,1645158552,42290.93534360982
2021-02-08 20:00:00,BTCUSD,720,1612785600,39516.5,47000,39203,46552,10999101140,252334.70698577396
2021-02-09 08:00:00,BTCUSD,720,1612828800,46552,48315.5,45690,46508,3725986372,79388.66080154336
2021-02-09 20:00:00,BTCUSD,720,1612872000,46508,47589,45000,46510,3618064170,77637.34340033284
2021-02-10 08:00:00,BTCUSD,720,1612915200,46510,47531,45739,46719.5,2197318018,47124.30559201853
2021-02-10 20:00:00,BTCUSD,720,1612958400,46719.5,46726.5,43758,44888,4217896936,93519.40537345575
2021-02-11 08:00:00,BTCUSD,720,1613001600,44888,46664,44100,46176,2177103273,48185.68516837674
2021-02-11 20:00:00,BTCUSD,720,1613044800,46176,48838,46175.5,48103,4619208879,96768.13178014292
2021-02-12 08:00:00,BTCUSD,720,1613088000,48103,49238,46855,47750.5,3191884152,66718.88158218398
2021-02-12 20:00:00,BTCUSD,720,1613131200,47750.5,48310,46162,47455,3247518179,68354.71270427492
2021-02-13 08:00:00,BTCUSD,720,1613174400,47455,48343.5,46277,46625.5,2182617948,46053.65193048411
2021-02-13 20:00:00,BTCUSD,720,1613217600,46625.5,47507.5,46250,47255.5,1816699197,38602.65640013203
2021-02-14 08:00:00,BTCUSD,720,1613260800,47255.5,49605,47150,49235,2581303030,53032.28502510109
2021-02-14 20:00:00,BTCUSD,720,1613304000,49235,49926.5,48210,48694.5,2535508466,51680.90674856129
2021-02-15 08:00:00,BTCUSD,720,1613347200,48694.5,49140,45830,47912.5,3804455868,80467.129432285
2021-02-15 20:00:00,BTCUSD,720,1613390400,47912.5,48932,47563,47993.5,2370069608,49070.12470302492
2021-02-16 08:00:00,BTCUSD,720,1613433600,47993.5,50240,47070,48990.5,3310592951,67818.16316254348
2021-02-16 20:00:00,BTCUSD,720,1613476800,48990.5,50855,47840,49235,4568506439,92949.42774715116
2021-02-17 08:00:00,BTCUSD,720,1613520000,49235,51923,49079.5,51400,5095939930,101023.62559247378
2021-02-17 20:00:00,BTCUSD,720,1613563200,51400,52735,50632,52188,3654755599,70775.68371729097
2021-02-18 08:00:00,BTCUSD,720,1613606400,52188,52667,51149,51444.5,2823397108,54345.68779426021
2021-02-18 20:00:00,BTCUSD,720,1613649600,51444.5,52374,50872,51613.5,3222677077,62202.81928174577
2021-02-19 08:00:00,BTCUSD,720,1613692800,51613.5,53088,50684,52814,2984815426,57506.270401293434
2021-02-19 20:00:00,BTCUSD,720,1613736000,52814,56395.5,52445,55850,5782412835,105964.88784799102
2021-02-20 08:00:00,BTCUSD,720,1613779200,55850,56725.5,55103.5,56441.5,2711407421,48434.30086461664
2021-02-20 20:00:00,BTCUSD,720,1613822400,56441.5,57699,54040,55968,5599014915,99291.07677648898
2021-02-21 08:00:00,BTCUSD,720,1613865600,55968,58000,55620.5,57463.5,2770937455,48835.90960195791
2021-02-21 20:00:00,BTCUSD,720,1613908800,57463.5,58500,56767.5,57452,3700806820,64215.83010953618
2021-02-22 08:00:00,BTCUSD,720,1613952000,57452,57585.5,53555,54599,5395336091,96708.54292309922
2021-02-22 20:00:00,BTCUSD,720,1613995200,54599,54978.5,47575,54055.5,12171625015,232608.6502789346
2021-02-23 08:00:00,BTCUSD,720,1614038400,54055.5,54141.5,44911,46432,9902619081,201022.64020066874
2021-02-23 20:00:00,BTCUSD,720,1614081600,46432,49590,45281.5,48910.5,7853995182,164921.00497691266
2021-02-24 08:00:00,BTCUSD,720,1614124800,48910.5,51432,47024,50402,3593886628,71870.9297965444
2021-02-24 20:00:00,BTCUSD,720,1614168000,50402,51350.5,48105,49743.5,3652135538,73804.82363839177
2021-02-25 08:00:00,BTCUSD,720,1614211200,49743.5,50930,48672,50414.5,2713264737,54205.30141677741
2021-02-25 20:00:00,BTCUSD,720,1614254400,50414.5,52185.5,46700,47099.5,4676977246,94265.99086226607
2021-02-26 08:00:00,BTCUSD,720,1614297600,47099.5,47848,44119,46435.5,4770986169,103139.0480305023
2021-02-26 20:00:00,BTCUSD,720,1614340800,46435.5,48473.5,45113,46358.5,3655659343,78165.85085462933
2021-02-27 08:00:00,BTCUSD,720,1614384000,46358.5,48438.5,46256,47331.5,2275404126,48131.14278100564
2021-02-27 20:00:00,BTCUSD,720,1614427200,47331.5,47869.5,45006,46167,2546995443,54612.84549274031
2021-02-28 08:00:00,BTCUSD,720,1614470400,46167,46700,43800,45353,3372042401,74712.4924427366
2021-02-28 20:00:00,BTCUSD,720,1614513600,45353,45998,43017.5,45239.5,3344532903,75495.17938629864
2021-03-01 08:00:00,BTCUSD,720,1614556800,45239.5,47999,45087,47848,2642855629,56605.71871977078
2021-03-01 20:00:00,BTCUSD,720,1614600000,47848,49860,47527,49688.5,3466722623,71176.60826040097
2021-03-02 08:00:00,BTCUSD,720,1614643200,49688.5,50299,48325,48903,2659133762,54113.19622672599
2021-03-02 20:00:00,BTCUSD,720,1614686400,48903,49736.5,47100,48511,3468568852,72104.43448649885
2021-03-03 08:00:00,BTCUSD,720,1614729600,48511,51881.5,48188,51780.5,2898076770,57836.29613157154
2021-03-03 20:00:00,BTCUSD,720,1614772800,51780.5,52760,50310,50352,4404707677,85956.3529877954
2021-03-04 08:00:00,BTCUSD,720,1614816000,50352,51833.5,48504.5,49375.5,4795031029,96187.20782149318
2021-03-04 20:00:00,BTCUSD,720,1614859200,49375.5,50696,47538,48395,3885357409,79530.022707381
2021-03-05 08:00:00,BTCUSD,720,1614902400,48395,48395.5,46300,47510.5,3100249135,65951.59413128965
2021-03-05 20:00:00,BTCUSD,720,1614945600,47510.5,49495,46913.5,48792.5,4183559529,86686.80272103853
2021-03-06 08:00:00,BTCUSD,720,1614988800,48792.5,49189,47939,48185,1781416703,36661.925068890836
2021-03-06 20:00:00,BTCUSD,720,1615032000,48185,49279.5,47080,48933.5,2803427010,58325.376881345255
2021-03-07 08:00:00,BTCUSD,720,1615075200,48933.5,51255,48933,50770,2639898995,52834.32726711341
2021-03-07 20:00:00,BTCUSD,720,1615118400,50770,51484.5,49788,50990,2615632178,51597.50650377075
2021-03-08 08:00:00,BTCUSD,720,1615161600,50990,51942,49332,50580,3414674401,67550.47466595961
2021-03-08 20:00:00,BTCUSD,720,1615204800,50580,52550,50220,52529,3131838183,61041.81708067979
2021-03-09 08:00:00,BTCUSD,720,1615248000,52529,54572.5,51974.5,54340,3941311311,73456.15377804986
2021-03-09 20:00:00,BTCUSD,720,1615291200,54340,54967.5,53651,54967.5,3300793732,60749.19552935812
2021-03-10 08:00:00,BTCUSD,720,1615334400,54967.5,55950,53057.5,54980,4703614274,86179.48165710657
2021-03-10 20:00:00,BTCUSD,720,1615377600,54980,57500,54979.5,55852,6950993897,123058.54919240101
2021-03-11 08:00:00,BTCUSD,720,1615420800,55852,56677,54300,56357.5,4881535407,87979.68678101846
2021-03-11 20:00:00,BTCUSD,720,1615464000,56357.5,58283.5,55845,57818,7760309368,135822.16102269248
2021-03-12 08:00:00,BTCUSD,720,1615507200,57818,58152.5,55863,56537.5,4879572457,85729.99747525723
2021-03-12 20:00:00,BTCUSD,720,1615550400,56537.5,57824.5,55086,57217,5996534776,105832.58582315335
2021-03-13 08:00:00,BTCUSD,720,1615593600,57217,60441.5,56120,60058,6456615865,110560.52574921613
2021-03-13 20:00:00,BTCUSD,720,1615636800,60058,62000,59450,61167,6386432240,105370.36902103382
2021-03-14 08:00:00,BTCUSD,720,1615680000,61167,61754.5,59367.5,60433,4264346231,70205.46498870822
2021-03-14 20:00:00,BTCUSD,720,1615723200,60433,60826.5,58985.5,58990,4595256776,76562.48348185596
2021-03-15 08:00:00,BTCUSD,720,1615766400,58990,60844,54570.5,56103,9277880832,160461.79305032289
2021-03-15 20:00:00,BTCUSD,720,1615809600,56103,57188,54912.5,55682.5,5526286615,98203.86678238446
2021-03-16 08:00:00,BTCUSD,720,1615852800,55682.5,56467,53196,55499.5,5592007220,101963.406543119
2021-03-16 20:00:00,BTCUSD,720,1615896000,55499.5,57059,54663,57029.5,3844696437,68854.39963747204
2021-03-17 08:00:00,BTCUSD,720,1615939200,57029.5,57268,54375,54814.5,3960976567,71059.28307221177
2021-03-17 20:00:00,BTCUSD,720,1615982400,54814.5,59085,54151.5,58999.5,7306464915,128515.61182363074
2021-03-18 08:00:00,BTCUSD,720,1616025600,58999.5,59657.5,57938,58245.5,3389953615,57648.21272345553
2021-03-18 20:00:00,BTCUSD,720,1616068800,58245.5,60200,57029,57644,6564653328,112275.11556966494
2021-03-19 08:00:00,BTCUSD,720,1616112000,57644,58942,56265,58856,3585579760,62055.410247132684
2021-03-19 20:00:00,BTCUSD,720,1616155200,58856,59546.5,57964,58050,4787203946,81533.18456604818
2021-03-20 08:00:00,BTCUSD,720,1616198400,58050,59400,57840,59330.5,2268262754,38714.577317210234
2021-03-20 20:00:00,BTCUSD,720,1616241600,59330.5,60000,58010,58118.5,4239179328,71753.93114103987
2021-03-21 08:00:00,BTCUSD,720,1616284800,58118.5,58628,55400,56264.5,3899694667,68327.07453358018
2021-03-21 20:00:00,BTCUSD,720,1616328000,56264.5,58214.5,55893,57430,3385477810,59057.11967587091
2021-03-22 08:00:00,BTCUSD,720,1616371200,57430,58487.5,56315,57790.5,3117391619,54280.60814720934
2021-03-22 20:00:00,BTCUSD,720,1616414400,57790.5,57803.5,53622,54055.5,5654361263,101242.3935418949
2021-03-23 08:00:00,BTCUSD,720,1616457600,54055.5,55342,52992,54219,3787309421,69878.37394359706
2021-03-23 20:00:00,BTCUSD,720,1616500800,54219,55874.5,54219,54407.5,3845509786,69817.76694652016
2021-03-24 08:00:00,BTCUSD,720,1616544000,54407.5,56679,53581.5,56616,3827571514,69462.41640644707
2021-03-24 20:00:00,BTCUSD,720,1616587200,56616,57254.5,51611,52201.5,6931215790,127057.60892538508
2021-03-25 08:00:00,BTCUSD,720,1616630400,52201.5,53210,51460.5,52148.5,3680180883,70170.66397809444
2021-03-25 20:00:00,BTCUSD,720,1616673600,52148.5,52724.5,50458,51335,5838784737,113322.32826441134
2021-03-26 08:00:00,BTCUSD,720,1616716800,51335,53811,51259,52757,3037605587,57571.21918626771
2021-03-26 20:00:00,BTCUSD,720,1616760000,52757,55143.5,52564.5,55113,3528114185,65532.1151019634
2021-03-27 08:00:00,BTCUSD,720,1616803200,55113,55601.5,54337,54490,2744132362,49917.29503082249
2021-03-27 20:00:00,BTCUSD,720,1616846400,54490,56715.5,54022,55866.5,3562919984,64148.6057589605
2021-03-28 08:00:00,BTCUSD,720,1616889600,55866.5,56580,55570,55839,2201243868,39245.90712586032
2021-03-28 20:00:00,BTCUSD,720,1616932800,55839,56506,54728,55790,3134257104,56384.36905380333
2021-03-29 08:00:00,BTCUSD,720,1616976000,55790,58441.5,54947,57870,3815410284,67317.00116103554
2021-03-29 20:00:00,BTCUSD,720,1617019200,57870,58496.5,57143,57631.5,3384274509,58529.45895833395
2021-03-30 08:00:00,BTCUSD,720,1617062400,57631.5,59475,57099.5,59402.5,3476040232,59638.32496609964
2021-03-30 20:00:00,BTCUSD,720,1617105600,59402.5,59518,58400,58733.5,2988504118,50738.54894045858
2021-03-31 08:00:00,BTCUSD,720,1617148800,58733.5,59920,56814.5,58100,4978715694,85258.18736032215
2021-03-31 20:00:00,BTCUSD,720,1617192000,58100,59754.5,57759,58822,4906614209,83173.47623824561
2021-04-01 08:00:00,BTCUSD,720,1617235200,58822,59563,58159.5,58616.5,3469873571,58894.68158471075
2021-04-01 20:00:00,BTCUSD,720,1617278400,58616.5,59280,58038,58788,2792125022,47451.383426323046
2021-04-02 08:00:00,BTCUSD,720,1617321600,58788,60365,58553,59640,3328551528,55814.27361166142
2021-04-02 20:00:00,BTCUSD,720,1617364800,59640,59700,58500,59026.5,3027072448,51173.52796675754
2021-04-03 08:00:00,BTCUSD,720,1617408000,59026.5,59899,58826,59375.5,2227737330,37497.720962537314
2021-04-03 20:00:00,BTCUSD,720,1617451200,59375.5,59501.5,56902,57061,4252101747,72905.53938998024
2021-04-04 08:00:00,BTCUSD,720,1617494400,57061,57895,56510,57329.5,2557400727,44652.45793151091
2021-04-04 20:00:00,BTCUSD,720,1617537600,57329.5,58546.5,57118,58255.5,1871622252,32240.383692788597
2021-04-05 08:00:00,BTCUSD,720,1617580800,58255.5,58445,56822,57809.5,2146789156,37337.45564242738
2021-04-05 20:00:00,BTCUSD,720,1617624000,57809.5,59350,57800,59293.5,3040152859,51707.2448316966
2021-04-06 08:00:00,BTCUSD,720,1617667200,59293.5,59634,58307,58603,2521904653,42814.53710186305
2021-04-06 20:00:00,BTCUSD,720,1617710400,58603,59044.5,57432.5,57986.5,2873946223,49460.14279135889
2021-04-07 08:00:00,BTCUSD,720,1617753600,57986.5,58729,55800,56349,4482793580,78017.45154188886
2021-04-07 20:00:00,BTCUSD,720,1617796800,56349,56925.5,55511.5,55929.5,3131846203,55669.34227253595
2021-04-08 08:00:00,BTCUSD,720,1617840000,55929.5,57303.5,55706,56506,2064729919,36406.32750269959
2021-04-08 20:00:00,BTCUSD,720,1617883200,56506,58184,56438.5,58126.5,2502624193,43385.00068235392
2021-04-09 08:00:00,BTCUSD,720,1617926400,58126.5,58943.5,57720,58516.5,2471502559,42456.97570746932
2021-04-09 20:00:00,BTCUSD,720,1617969600,58516.5,58780,57917,58129.5,2282263405,39102.54194374922
2021-04-10 08:00:00,BTCUSD,720,1618012800,58129.5,61573,57950.5,60606.5,5085778179,84252.24973704359
2021-04-10 20:00:00,BTCUSD,720,1618056000,60606.5,60885,58295.5,59724.5,4064422863,68093.9702820867
2021-04-11 08:00:00,BTCUSD,720,1618099200,59724.5,60791,59374.5,59776,3066739925,51092.66776421189
2021-04-11 20:00:00,BTCUSD,720,1618142400,59776,60263,59281,60016,2341527832,39193.27793868734
2021-04-12 08:00:00,BTCUSD,720,1618185600,60016,61400,59447,60322.5,3756794824,62239.109718078165
2021-04-12 20:00:00,BTCUSD,720,1618228800,60322.5,60630,59700,59887,2102532297,34995.72504898588
2021-04-13 08:00:00,BTCUSD,720,1618272000,59887,63425,59887,63011,5264972925,85353.72279911324
2021-04-13 20:00:00,BTCUSD,720,1618315200,63011,63785.5,62612.5,63554.5,3666986327,58029.37404686738
2021-04-14 08:00:00,BTCUSD,720,1618358400,63554.5,64990,63126,64668.5,4598059928,71763.99587062371
2021-04-14 20:00:00,BTCUSD,720,1618401600,64668.5,64774,61300,63019,6697257510,106567.94467799067
2021-04-15 08:00:00,BTCUSD,720,1618444800,63019,63512.5,62154.5,62431.5,3063292892,48685.51934411036
2021-04-15 20:00:00,BTCUSD,720,1618488000,62431.5,63962.5,62431,63325.5,2911013600,46108.64861843267
2021-04-16 08:00:00,BTCUSD,720,1618531200,63325.5,63650,60121,60952,4687564210,75913.36451023027
2021-04-16 20:00:00,BTCUSD,720,1618574400,60952,62199,60402.5,61474.5,2647741172,43076.06972157912
2021-04-17 08:00:00,BTCUSD,720,1618617600,61474.5,62588.5,60825,61014,2184135056,35287.59805031425
2021-04-17 20:00:00,BTCUSD,720,1618660800,61014,61344,59679.5,60169.5,2945434946,48611.75345225433
2021-04-18 08:00:00,BTCUSD,720,1618704000,60169.5,60473,51705.5,53451,19313365848,350282.6744937824
2021-04-18 20:00:00,BTCUSD,720,1618747200,53451,56795,53312.5,56250.5,3261285431,58916.33218762519
2021-04-19 08:00:00,BTCUSD,720,1618790400,56250.5,57587,55846,57206,2351507056,41323.52368110873
2021-04-19 20:00:00,BTCUSD,720,1618833600,57206,57275,54300,55699.5,3901372644,70099.65488837488
2021-04-20 08:00:00,BTCUSD,720,1618876800,55699.5,56492.5,53424.5,56397.5,3820769370,69726.28014077446
2021-04-20 20:00:00,BTCUSD,720,1618920000,56397.5,57127,54752,56513,2744118925,48903.0711519898
2021-04-21 08:00:00,BTCUSD,720,1618963200,56513,56821.5,54332,54623,2661110632,47978.95691364246
2021-04-21 20:00:00,BTCUSD,720,1619006400,54623,56408.5,53691.5,53846,2701415481,48994.03457373073
2021-04-22 08:00:00,BTCUSD,720,1619049600,53846,55266,52623,54937,3680320955,68238.2576436393
2021-04-22 20:00:00,BTCUSD,720,1619092800,54937,55494,50500,51714.5,7672732706,145742.59537299912
2021-04-23 08:00:00,BTCUSD,720,1619136000,51714.5,52120.5,47530.5,50057.5,10291321802,208184.89011895825
2021-04-23 20:00:00,BTCUSD,720,1619179200,50057.5,51245,48571.5,51124.5,3464429877,69361.35102740879
2021-04-24 08:00:00,BTCUSD,720,1619222400,51124.5,51157,48713,49096,3134381033,62860.32255250794
2021-04-24 20:00:00,BTCUSD,720,1619265600,49096,51032,48986,50115.5,2350134369,46978.18530834296
2021-04-25 08:00:00,BTCUSD,720,1619308800,50115.5,50464,49100,49559.5,2099482775,42242.00483436745
2021-04-25 20:00:00,BTCUSD,720,1619352000,49559.5,50536,47000,49074,4033115561,82470.87010361996
2021-04-26 08:00:00,BTCUSD,720,1619395200,49074,53749.5,48808,53670.5,4498853348,86536.89028143603
2021-04-26 20:00:00,BTCUSD,720,1619438400,53670.5,54392,52708,54020.5,4270669703,79648.27501962084
2021-04-27 08:00:00,BTCUSD,720,1619481600,54020.5,55243.5,53326,55187.5,2721118558,50078.859541879894
2021-04-27 20:00:00,BTCUSD,720,1619524800,55187.5,55500,54349.5,55039.5,2536166029,46169.221572943796
2021-04-28 08:00:00,BTCUSD,720,1619568000,55039.5,55743,53900,54885,2445374937,44673.49897013931
2021-04-28 20:00:00,BTCUSD,720,1619611200,54885,56563,54055.5,54873,3736679709,67983.77083758167
2021-04-29 08:00:00,BTCUSD,720,1619654400,54873,55200,53535,54375.5,2249022467,41391.1480199368
2021-04-29 20:00:00,BTCUSD,720,1619697600,54375.5,54576,52374,53568.5,3323268834,62299.02911886256
2021-04-30 08:00:00,BTCUSD,720,1619740800,53568.5,54862.5,53081.5,54289.5,1947663888,36024.605138469444
2021-04-30 20:00:00,BTCUSD,720,1619784000,54289.5,57963,54289,57763.5,4258530344,75393.59610932994
2021-05-01 08:00:00,BTCUSD,720,1619827200,57763.5,58573,57291.5,57922,2714992902,46849.20028183038
2021-05-01 20:00:00,BTCUSD,720,1619870400,57922,58137,57123,57889.5,1866871174,32361.4383453789
2021-05-02 08:00:00,BTCUSD,720,1619913600,57889.5,57972.5,56129,57170,2663487073,46862.05116353417
2021-05-02 20:00:00,BTCUSD,720,1619956800,57170,57358,56309.5,56654.5,1572580341,27684.641756870198
2021-05-03 08:00:00,BTCUSD,720,1620000000,56654.5,59070.5,56633,58758.5,2596781793,44599.77253699285
2021-05-03 20:00:00,BTCUSD,720,1620043200,58758.5,58875,54537.5,57178,4561977169,79222.57047521825
2021-05-04 08:00:00,BTCUSD,720,1620086400,57178,57195.5,54633,56200.5,4663326555,83570.95896620466
2021-05-04 20:00:00,BTCUSD,720,1620129600,56200.5,56394,53091.5,53264,4166692011,76435.4122806402
2021-05-05 08:00:00,BTCUSD,720,1620172800,53264,55866.5,52948.5,55161,2425952355,44192.49080803394
2021-05-05 20:00:00,BTCUSD,720,1620216000,55161,57955,55126,57530,2996955689,52702.31558980477
2021-05-06 08:00:00,BTCUSD,720,1620259200,57530,58472.5,56510,58092,1965574328,34244.092887209226
2021-05-06 20:00:00,BTCUSD,720,1620302400,58092,58189,55311,56385.5,3142220658,55407.25178979316
2021-05-07 08:00:00,BTCUSD,720,1620345600,56385.5,57155,55333,56477.5,2022786216,36001.08580380183
2021-05-07 20:00:00,BTCUSD,720,1620388800,56477.5,58777.5,56262,57429.5,3044852061,52830.13184248154
2021-05-08 08:00:00,BTCUSD,720,1620432000,57429.5,59485,57000,58645.5,2648951504,45308.84669164825
2021-05-08 20:00:00,BTCUSD,720,1620475200,58645.5,59652,57549.5,59024,3406852093,57926.62231029071
2021-05-09 08:00:00,BTCUSD,720,1620518400,59024,59392,57600,58002,2325837932,39808.05711486119
2021-05-09 20:00:00,BTCUSD,720,1620561600,58002,58520,56369,58295.5,2448920893,42623.3284096442
2021-05-10 08:00:00,BTCUSD,720,1620604800,58295.5,59697,57431,58187.5,3133880163,53418.178696922034
2021-05-10 20:00:00,BTCUSD,720,1620648000,58187.5,58699.5,53613,55920.5,5736089920,101702.52167404833
2021-05-11 08:00:00,BTCUSD,720,1620691200,55920.5,56500,54562.5,55295.5,2231964318,40202.00395988862
2021-05-11 20:00:00,BTCUSD,720,1620734400,55295.5,56977.5,54871.5,56787.5,2287014657,40747.76364890465
2021-05-12 08:00:00,BTCUSD,720,1620777600,56787.5,58029.5,56118,56543.5,2043146966,35771.368157814766
2021-05-12 20:00:00,BTCUSD,720,1620820800,56543.5,56962,48496.5,49536,6600685969,123443.09570774616
2021-05-13 08:00:00,BTCUSD,720,1620864000,49536,51344.5,45805,49799.5,9339271736,190512.64341658837
2021-05-13 20:00:00,BTCUSD,720,1620907200,49799.5,50894.5,47021,49709,4459476642,90964.03667700212
2021-05-14 08:00:00,BTCUSD,720,1620950400,49709,51025,48907,50637,1974708833,39556.01371152561
2021-05-14 20:00:00,BTCUSD,720,1620993600,50637,51563,49112.5,49909,2143283231,42516.701206148784
2021-05-15 08:00:00,BTCUSD,720,1621036800,49909,50733.5,47851,48981,2551828252,51922.53490095218
2021-05-15 20:00:00,BTCUSD,720,1621080000,48981,49620,46601,46795.5,3167249323,65819.56393098112
2021-05-16 08:00:00,BTCUSD,720,1621123200,46795.5,49808,46507.5,49058,1922353859,39739.217357108806
2021-05-16 20:00:00,BTCUSD,720,1621166400,49058,49319,43815,46421.5,5183468625,112451.6752830277
2021-05-17 08:00:00,BTCUSD,720,1621209600,46421.5,46605.5,42100,45797,4011296980,90547.80889618865
2021-05-17 20:00:00,BTCUSD,720,1621252800,45797,45833,42130.5,43558.5,3655402566,83628.69816209984
2021-05-18 08:00:00,BTCUSD,720,1621296000,43558.5,45800.5,43185.5,45349.5,1998375219,44428.169270712395
2021-05-18 20:00:00,BTCUSD,720,1621339200,45349.5,45382,42270,42871.5,3466087385,80024.65923220463
2021-05-19 08:00:00,BTCUSD,720,1621382400,42871.5,43592,36025,38674,6916060821,174976.96018035477
2021-05-19 20:00:00,BTCUSD,720,1621425600,38674,40611,29800,36806.5,24974570334,708971.2359191893
2021-05-20 08:00:00,BTCUSD,720,1621468800,36806.5,40786,35000,40473.5,4208242480,110426.90818134761
2021-05-20 20:00:00,BTCUSD,720,1621512000,40473.5,42444,38133.5,40622.5,4546067738,112205.77351142865
2021-05-21 08:00:00,BTCUSD,720,1621555200,40622.5,42335,39271.5,41172,2732397115,67486.32024153895
2021-05-21 20:00:00,BTCUSD,720,1621598400,41172,41756.5,33463.5,37300.5,7753420759,208122.92926998745
2021-05-22 08:00:00,BTCUSD,720,1621641600,37300.5,38836,35250,38177.5,2769461201,74898.58613080728
2021-05-22 20:00:00,BTCUSD,720,1621684800,38177.5,38883.5,37102,37463,2425774464,63877.28559545608
2021-05-23 08:00:00,BTCUSD,720,1621728000,37463,38285,33800,35419,3334128966,93150.80310976051
2021-05-23 20:00:00,BTCUSD,720,1621771200,35419,35814.5,31100,34707,6562339337,197242.90278677785
2021-05-24 08:00:00,BTCUSD,720,1621814400,34707,37937,34436,37629,2598971620,72374.69757810739
2021-05-24 20:00:00,BTCUSD,720,1621857600,37629,39921.5,36913.5,38842,3471205559,90774.60126581317
2021-05-25 08:00:00,BTCUSD,720,1621900800,38842,39800,36536,36574.5,2478404207,64847.612767828265
2021-05-25 20:00:00,BTCUSD,720,1621944000,36574.5,38745.5,36495,38368,2387640179,63279.84992805614
2021-05-26 08:00:00,BTCUSD,720,1621987200,38368,40890.5,37833.5,39894.5,2091160499,52735.77730395944
2021-05-26 20:00:00,BTCUSD,720,1622030400,39894.5,40327,37903,39260.5,2358482830,60606.592235553784
2021-05-27 08:00:00,BTCUSD,720,1622073600,39260.5,39884.5,37177,39744,2018363900,52566.41494119619
2021-05-27 20:00:00,BTCUSD,720,1622116800,39744,40450,38218,38512.5,1995670969,50761.937143983254
2021-05-28 08:00:00,BTCUSD,720,1622160000,38512.5,38882,35120,35389.5,2740328207,74390.86731539117
2021-05-28 20:00:00,BTCUSD,720,1622203200,35389.5,37238,34703,35670.5,2616276913,72626.90679585427
2021-05-29 08:00:00,BTCUSD,720,1622246400,35670.5,37377.5,34560,35400,2123863996,59014.055679745055
2021-05-29 20:00:00,BTCUSD,720,1622289600,35400,35400,33634.5,34598.5,2263328367,65790.3080268219
2021-05-30 08:00:00,BTCUSD,720,1622332800,34598.5,36450,33386.5,36360.5,1653564108,47207.410258701
2021-05-30 20:00:00,BTCUSD,720,1622376000,36360.5,36497.5,35158,35661,1248616499,34905.40853585547
2021-05-31 08:00:00,BTCUSD,720,1622419200,35661,37189.5,34180,36834,2159460563,60718.90630072294
2021-05-31 20:00:00,BTCUSD,720,1622462400,36834,37490.5,36349.5,37253.5,1575808257,42705.990653026856
2021-06-01 08:00:00,BTCUSD,720,1622505600,37253.5,37884.5,35907,36602.5,1923788035,52187.433861077
2021-06-01 20:00:00,BTCUSD,720,1622548800,36602.5,37456.5,35622,36674.5,2127069956,58391.4623843486
2021-06-02 08:00:00,BTCUSD,720,1622592000,36674.5,37530,35904.5,37189.5,1512116664,41101.9626979082
2021-06-02 20:00:00,BTCUSD,720,1622635200,37189.5,38231.5,37071,37544,1488332338,39405.09279129161
2021-06-03 08:00:00,BTCUSD,720,1622678400,37544,39440,37182.5,38780.5,2013413842,52322.38215493078
2021-06-03 20:00:00,BTCUSD,720,1622721600,38780.5,39249,38344,39226,1698744071,43850.29018114769
2021-06-04 08:00:00,BTCUSD,720,1622764800,39226,39259.5,36252.5,36573.5,2378464441,63771.56937702358
2021-06-04 20:00:00,BTCUSD,720,1622808000,36573.5,37276.5,35583,36846.5,1983819424,54119.23602809625
2021-06-05 08:00:00,BTCUSD,720,1622851200,36846.5,37911,35650,35863.5,1987931303,53764.190623471186
2021-06-05 20:00:00,BTCUSD,720,1622894400,35863.5,36440,34784.5,35509,1902967455,53313.790029056654
2021-06-06 08:00:00,BTCUSD,720,1622937600,35509,36487.5,35407.5,35880,1228255710,34097.55397930773
2021-06-06 20:00:00,BTCUSD,720,1622980800,35880,36472.5,35211,35786.5,1237821773,34525.092011526605
2021-06-07 08:00:00,BTCUSD,720,1623024000,35786.5,36820.5,35514,36370.5,1479241839,40734.9907919995
2021-06-07 20:00:00,BTCUSD,720,1623067200,36370.5,36797.5,33243.5,33533,2443533226,69565.72463811106
2021-06-08 08:00:00,BTCUSD,720,1623110400,33533,34023.5,32111.5,33100,2752099374,83479.08190227026
2021-06-08 20:00:00,BTCUSD,720,1623153600,33100,33855,31009,33390.5,2786683857,86216.55880733559
2021-06-09 08:00:00,BTCUSD,720,1623196800,33390.5,35029,32437,34972,2381289957,70741.37720087712
2021-06-09 20:00:00,BTCUSD,720,1623240000,34972,37540,34596.5,37399,3500934455,97170.68081661359
2021-06-10 08:00:00,BTCUSD,720,1623283200,37399,38477,36266.5,37835,2495176461,66987.75571401691
2021-06-10 20:00:00,BTCUSD,720,1623326400,37835,38215,35820,36690,2513100497,68108.13006511978
2021-06-11 08:00:00,BTCUSD,720,1623369600,36690,37697.5,35927,37382.5,2324717735,63021.76277056864
2021-06-11 20:00:00,BTCUSD,720,1623412800,37382.5,37588,36490.5,37330,1887359512,50923.134450022
2021-06-12 08:00:00,BTCUSD,720,1623456000,37330,37442,34573.5,35580.5,2843353745,79845.20949547284
2021-06-12 20:00:00,BTCUSD,720,1623499200,35580.5,36200,35303.5,35539.5,1493135776,41765.903746009164
2021-06-13 08:00:00,BTCUSD,720,1623542400,35539.5,36109.5,34753,35897,1781400290,50282.525835549866
2021-06-13 20:00:00,BTCUSD,720,1623585600,35897,39369,35656,39031.5,2887777752,76991.73788536535
2021-06-14 08:00:00,BTCUSD,720,1623628800,39031.5,39827,38783.5,39197,2076952213,52911.34365932183
2021-06-14 20:00:00,BTCUSD,720,1623672000,39197,41003,39058,40519.5,2988973367,74337.040125961
2021-06-15 08:00:00,BTCUSD,720,1623715200,40519.5,40841.5,39575,39833,2248538424,55964.37306728234
2021-06-15 20:00:00,BTCUSD,720,1623758400,39833,41338,39486.5,40126.5,2677290190,66526.70996565271
2021-06-16 08:00:00,BTCUSD,720,1623801600,40126.5,40515.5,38900,39073.5,2116031767,53049.140480650916
2021-06-16 20:00:00,BTCUSD,720,1623844800,39073.5,39694,38082,38323.5,3283658224,84582.4523209633
2021-06-17 08:00:00,BTCUSD,720,1623888000,38323.5,39575.5,38214.5,39156,1574185626,40362.84317954007
2021-06-17 20:00:00,BTCUSD,720,1623931200,39156,39189.5,37359,38051,2631024186,68795.17304320075
2021-06-18 08:00:00,BTCUSD,720,1623974400,38051,38181,37040,37795.5,2298254857,61009.44264386886
2021-06-18 20:00:00,BTCUSD,720,1624017600,37795.5,37932,35130,35790,3149588966,86801.78534131437
2021-06-19 08:00:00,BTCUSD,720,1624060800,35790,36261.5,34781,35941.5,1972093407,55496.227013577125
2021-06-19 20:00:00,BTCUSD,720,1624104000,35941.5,36447,35334.5,35482.5,1892895429,52766.79334101697
2021-06-20 08:00:00,BTCUSD,720,1624147200,35482.5,35898.5,33668,33849.5,2314767570,66408.41529416847
2021-06-20 20:00:00,BTCUSD,720,1624190400,33849.5,36139,33311.5,35595,2348577348,67823.08207792588
2021-06-21 08:00:00,BTCUSD,720,1624233600,35595,35749,31687.5,32503,5174084995,155657.23685673822
2021-06-21 20:00:00,BTCUSD,720,1624276800,32503,33188,31251,31610.5,3575580026,110648.67058703529
2021-06-22 08:00:00,BTCUSD,720,1624320000,31610.5,33242.5,31072,31211.5,3424219189,106675.63612266617
2021-06-22 20:00:00,BTCUSD,720,1624363200,31211.5,33300,28726.5,32518.5,6105946245,196813.1535796388
2021-06-23 08:00:00,BTCUSD,720,1624406400,32518.5,34498.5,31725,33901,3206563133,94894.3108769962
2021-06-23 20:00:00,BTCUSD,720,1624449600,33901,34853,32745,33675.5,2656883999,78913.13574644194
2021-06-24 08:00:00,BTCUSD,720,1624492800,33675.5,33900,32278.5,33847.5,2295607404,69603.096856719
2021-06-24 20:00:00,BTCUSD,720,1624536000,33847.5,35328,33738,34640.5,2512208398,72967.52800920611
2021-06-25 08:00:00,BTCUSD,720,1624579200,34640.5,35500,33230,33269,2765608266,80424.08222830012
2021-06-25 20:00:00,BTCUSD,720,1624622400,33269,33536,31200,31561,3648754951,113008.75363620148
2021-06-26 08:00:00,BTCUSD,720,1624665600,31561,32744,30120.5,31769,3328468599,106106.64908552893
2021-06-26 20:00:00,BTCUSD,720,1624708800,31769,32278.5,30484,32272.5,3212683273,102505.14687938974
2021-06-27 08:00:00,BTCUSD,720,1624752000,32272.5,33451.5,31969.5,33250,2641525155,80510.7862822029
2021-06-27 20:00:00,BTCUSD,720,1624795200,33250,34765.5,32403,34713,2607454133,78093.87317761466
2021-06-28 08:00:00,BTCUSD,720,1624838400,34713,35300,33926.5,34100,2172533742,62864.309299132154
2021-06-28 20:00:00,BTCUSD,720,1624881600,34100,35050,33866,34479.5,2706934125,78545.65111131078
2021-06-29 08:00:00,BTCUSD,720,1624924800,34479.5,35751,34232,35567.5,2660791568,76074.85032021825
2021-06-29 20:00:00,BTCUSD,720,1624968000,35567.5,36605.5,35328,35929.5,2643145564,73216.70422770105
2021-06-30 08:00:00,BTCUSD,720,1625011200,35929.5,36105,34395,34844.5,2825082014,80487.41412118838
2021-06-30 20:00:00,BTCUSD,720,1625054400,34844.5,35180,34014,35027,2183168481,63104.70780945614
2021-07-01 08:00:00,BTCUSD,720,1625097600,35027,35031,32956,33700,2443415240,72284.48167906082
2021-07-01 20:00:00,BTCUSD,720,1625140800,33700,33821.5,32668.5,33512,1957784476,58733.31829323135
2021-07-02 08:00:00,BTCUSD,720,1625184000,33512,33948,32635.5,33004.5,2152633474,64924.01137765625
2021-07-02 20:00:00,BTCUSD,720,1625227200,33004.5,33898,32845,33775,1786492149,53452.71778136754
2021-07-03 08:00:00,BTCUSD,720,1625270400,33775,34740.5,33308,34576,1779442815,52333.6140878199
2021-07-03 20:00:00,BTCUSD,720,1625313600,34576,34940,34260,34690.5,1363959043,39396.99147506871
2021-07-04 08:00:00,BTCUSD,720,1625356800,34690.5,35656.5,34370.5,35492.5,1720546292,48996.80234707117
2021-07-04 20:00:00,BTCUSD,720,1625400000,35492.5,35950,35204,35293,1559549389,43949.87537090896
2021-07-05 08:00:00,BTCUSD,720,1625443200,35293,35293.5,33283,33346.5,2524946579,73569.99085116143
2021-07-05 20:00:00,BTCUSD,720,1625486400,33346.5,34254.5,33127,33690.5,1690291726,50087.512090382246
2021-07-06 08:00:00,BTCUSD,720,1625529600,33690.5,35097.5,33637,34050.5,2119951096,61847.19369471413
2021-07-06 20:00:00,BTCUSD,720,1625572800,34050.5,34494,33481.5,34213,2162874769,63588.82922852827
2021-07-07 08:00:00,BTCUSD,720,1625616000,34213,35000,33939.5,34834,1799216840,52040.68451983695
2021-07-07 20:00:00,BTCUSD,720,1625659200,34834,35079,33737.5,33838.5,1762481865,51151.7052624441
2021-07-08 08:00:00,BTCUSD,720,1625702400,33838.5,33895,32070.5,32707,2764585945,83931.36165493044
2021-07-08 20:00:00,BTCUSD,720,1625745600,32707,33174,32341,32862,1580464556,48244.40802663222
2021-07-09 08:00:00,BTCUSD,720,1625788800,32862,33320,32264,32760.5,1469398523,44785.0778699022
2021-07-09 20:00:00,BTCUSD,720,1625832000,32760.5,34096,32637.5,33800,1547946446,46224.64413867402
2021-07-10 08:00:00,BTCUSD,720,1625875200,33800,34236.5,33451,33787.5,1174274688,34760.400559747824
2021-07-10 20:00:00,BTCUSD,720,1625918400,33787.5,34174,32970,33498.5,1235313729,36793.68881859099
2021-07-11 08:00:00,BTCUSD,720,1625961600,33498.5,33834.5,33320,33798,1043412037,31046.29463107832
2021-07-11 20:00:00,BTCUSD,720,1626004800,33798,34600,33672,34243,1197578411,35175.721037200914
2021-07-12 08:00:00,BTCUSD,720,1626048000,34243,34688.5,33516,33516.5,1501284533,43986.695936469994
2021-07-12 20:00:00,BTCUSD,720,1626091200,33516.5,33617,32630,33094,1835998057,55368.36901095343
2021-07-13 08:00:00,BTCUSD,720,1626134400,33094,33330.5,32750,33026,1307724043,39552.03106175971
2021-07-13 20:00:00,BTCUSD,720,1626177600,33026,33026,32167,32715.5,1628275626,49993.882257487945
2021-07-14 08:00:00,BTCUSD,720,1626220800,32715.5,32790,31553.5,32432,2045376722,63703.80058990228
2021-07-14 20:00:00,BTCUSD,720,1626264000,32432,33085,32273,32795.5,1395071835,42581.848187408534
2021-07-15 08:00:00,BTCUSD,720,1626307200,32795.5,33190.5,31761,31883.5,1734912341,53502.553220074384
2021-07-15 20:00:00,BTCUSD,720,1626350400,31883.5,32127,31126.5,31864,2297085968,72600.66515282264
2021-07-16 08:00:00,BTCUSD,720,1626393600,31864,32026.5,31020,31093,1226243908,38818.27837865146
2021-07-16 20:00:00,BTCUSD,720,1626436800,31093,32220,31075,31382.5,1596545284,50220.30799746731
2021-07-17 08:00:00,BTCUSD,720,1626480000,31382.5,31945,31155,31385.5,1362785038,43336.530263368484
2021-07-17 20:00:00,BTCUSD,720,1626523200,31385.5,31900,31339,31495,1091506017,34481.89715805046
2021-07-18 08:00:00,BTCUSD,720,1626566400,31495,32425.5,31438,31795.5,1108721526,34743.87135994792
2021-07-18 20:00:00,BTCUSD,720,1626609600,31795.5,31898,31083.5,31773,1259921206,39937.09846883808
2021-07-19 08:00:00,BTCUSD,720,1626652800,31773,31897,31150,31254.5,1243026926,39408.82655612347
2021-07-19 20:00:00,BTCUSD,720,1626696000,31254.5,31333,30352,30811.5,1594025667,51827.91418614004
2021-07-20 08:00:00,BTCUSD,720,1626739200,30811.5,31038.5,29277,29688.5,2021099865,67558.29483128629
2021-07-20 20:00:00,BTCUSD,720,1626782400,29688.5,29988.5,29258,29775.5,1469376473,49481.160788661364
2021-07-21 08:00:00,BTCUSD,720,1626825600,29775.5,31640,29500,31531,1840896618,60094.989716862896
2021-07-21 20:00:00,BTCUSD,720,1626868800,31531,32840,31411,32102.5,2964873657,92701.48854711257
2021-07-22 08:00:00,BTCUSD,720,1626912000,32102.5,32367,31722,31907,1360087156,42499.73075157047
2021-07-22 20:00:00,BTCUSD,720,1626955200,31907,32580,31735,32277,1356638287,42085.100704363744
2021-07-23 08:00:00,BTCUSD,720,1626998400,32277,32920,32189.5,32291.5,1202712442,36989.896112149654
2021-07-23 20:00:00,BTCUSD,720,1627041600,32291.5,33665.5,32001,33634,1360165218,41672.45400406921
2021-07-24 08:00:00,BTCUSD,720,1627084800,33634,34063,33406,33854.5,1239082383,36769.65864879874
2021-07-24 20:00:00,BTCUSD,720,1627128000,33854.5,34488.5,33666,34247,1230593127,36118.28554066009
2021-07-25 08:00:00,BTCUSD,720,1627171200,34247,34799,33851,34376.5,1496868902,43504.92521326149
2021-07-25 20:00:00,BTCUSD,720,1627214400,34376.5,35426,33877.5,35405.5,1630299351,47339.788261018555
2021-07-26 08:00:00,BTCUSD,720,1627257600,35405.5,39900,35215.5,38485.5,4967634348,130270.10990106604
2021-07-26 20:00:00,BTCUSD,720,1627300800,38485.5,40581,36767.5,37228,4910490937,127558.93473158644
2021-07-27 08:00:00,BTCUSD,720,1627344000,37228,38055.5,36405,38048,2087836308,56248.21169369384
2021-07-27 20:00:00,BTCUSD,720,1627387200,38048,39565,37361,39497.5,3304594737,86432.2165058792
2021-07-28 08:00:00,BTCUSD,720,1627430400,39497.5,40941,38922,40759,3136771964,78682.10872441145
2021-07-28 20:00:00,BTCUSD,720,1627473600,40759,40880,38813.5,40008,3293730066,82600.34290371761
2021-07-29 08:00:00,BTCUSD,720,1627516800,40008,40654.5,39256.5,39771,1931412112,48364.19518664636
2021-07-29 20:00:00,BTCUSD,720,1627560000,39771,40416,39362.5,40018,1925995677,48374.279327364784
2021-07-30 08:00:00,BTCUSD,720,1627603200,40018,40250,38329,38654,1892922771,48224.302968219796
2021-07-30 20:00:00,BTCUSD,720,1627646400,38654,42369.5,38596.5,42245.5,2845945240,70440.88781121014
2021-07-31 08:00:00,BTCUSD,720,1627689600,42245.5,42444,41189,41616,1966605605,47099.663893135235
2021-07-31 20:00:00,BTCUSD,720,1627732800,41616,42001,41042.5,41447,1593314946,38374.00868313789
2021-08-01 08:00:00,BTCUSD,720,1627776000,41447,42605.5,41119,41608.5,1756119874,41948.09633952924
2021-08-01 20:00:00,BTCUSD,720,1627819200,41608.5,41815,39351.5,39833,2585330170,63316.28611874835
2021-08-02 08:00:00,BTCUSD,720,1627862400,39833,40437,39209.5,39514.5,1876538762,47231.79497903094
2021-08-02 20:00:00,BTCUSD,720,1627905600,39514.5,39965,38650,39137.5,1863012393,47350.14479583557
2021-08-03 08:00:00,BTCUSD,720,1627948800,39137.5,39739,37919,38464.5,1794358232,46446.57760009017
2021-08-03 20:00:00,BTCUSD,720,1627992000,38464.5,38695,37555,38190,2190901530,57384.28090435722
2021-08-04 08:00:00,BTCUSD,720,1628035200,38190,38531,37450,38130,1445658607,38076.12808680221
2021-08-04 20:00:00,BTCUSD,720,1628078400,38130,39946,38129.5,39737.5,2145944079,54603.183310911205
2021-08-05 08:00:00,BTCUSD,720,1628121600,39737.5,39825,37811,37989.5,2019094120,52009.6675307884
2021-08-05 20:00:00,BTCUSD,720,1628164800,37989.5,41364.5,37282.5,40880,3637986459,92080.47794470393
2021-08-06 08:00:00,BTCUSD,720,1628208000,40880,41230,39894,40499,2428000056,59869.320366217034
2021-08-06 20:00:00,BTCUSD,720,1628251200,40499,43422,40261,42858.5,3628006866,86001.29947067257
2021-08-07 08:00:00,BTCUSD,720,1628294400,42858.5,44016,42600,43824,2589075559,59637.97516770855
2021-08-07 20:00:00,BTCUSD,720,1628337600,43824,44742.5,42436.5,44600.5,3617908403,82832.07565136028
2021-08-08 08:00:00,BTCUSD,720,1628380800,44600.5,45385,43830.5,44471,3279882595,73500.2302601014
2021-08-08 20:00:00,BTCUSD,720,1628424000,44471,45200,43262.5,43821,3258213076,73805.48124118093
2021-08-09 08:00:00,BTCUSD,720,1628467200,43821,46142,42810,45957.5,3094891499,69925.18299942305
2021-08-09 20:00:00,BTCUSD,720,1628510400,45957.5,46500,44929,46297.5,3726981606,81285.75061459326
2021-08-10 08:00:00,BTCUSD,720,1628553600,46297.5,46847,45221,45386.5,2478952603,54059.698334179026
2021-08-10 20:00:00,BTCUSD,720,1628596800,45386.5,46134,44655.5,45598,2622855098,57748.01411605351
2021-08-11 08:00:00,BTCUSD,720,1628640000,45598,46641,45355,45964.5,2175308381,47297.10621713856
2021-08-11 20:00:00,BTCUSD,720,1628683200,45964.5,46762.5,45500,45500,2276222867,49215.29456349902
2021-08-12 08:00:00,BTCUSD,720,1628726400,45500,46214.5,44600,44763.5,2669179524,58807.80521287012
2021-08-12 20:00:00,BTCUSD,720,1628769600,44763.5,44971.5,43800,44388.5,2335488213,52695.36607817417
2021-08-13 08:00:00,BTCUSD,720,1628812800,44388.5,46540.5,44222,46160.5,2356706703,51630.57598410885
2021-08-13 20:00:00,BTCUSD,720,1628856000,46160.5,47974,46150,47835,2191459739,46674.12720612688
2021-08-14 08:00:00,BTCUSD,720,1628899200,47835,48219.5,46022,46556,2307624016,48882.91780761908
2021-08-14 20:00:00,BTCUSD,720,1628942400,46556,47387,46147,47075.5,1579784740,33773.97202926531
2021-08-15 08:00:00,BTCUSD,720,1628985600,47075.5,47424.5,45575,45941.5,2007517794,43300.97040760323
2021-08-15 20:00:00,BTCUSD,720,1629028800,45941.5,47317,45444,47025.5,2130719494,46025.04784685427
2021-08-16 08:00:00,BTCUSD,720,1629072000,47025.5,48100,46805,47541,1933344875,40719.35705555728
2021-08-16 20:00:00,BTCUSD,720,1629115200,47541,47760,45658.5,45902,2587367824,55750.15389612442
2021-08-17 08:00:00,BTCUSD,720,1629158400,45902,47224.5,45227,46875,2321040571,50155.67692115087
2021-08-17 20:00:00,BTCUSD,720,1629201600,46875,47116.5,44322.5,44670,3174387994,69637.91085326202
2021-08-18 08:00:00,BTCUSD,720,1629244800,44670,45567,44184.5,44746.5,2506214552,55652.55844115249
2021-08-18 20:00:00,BTCUSD,720,1629288000,44746.5,46030,44400,44689.5,2068705404,45748.58254051696
2021-08-19 08:00:00,BTCUSD,720,1629331200,44689.5,45199,43933,44212,2317466889,52036.85708772426
2021-08-19 20:00:00,BTCUSD,720,1629374400,44212,47100,44122,46796.5,2327666601,50802.16160585483
2021-08-20 08:00:00,BTCUSD,720,1629417600,46796.5,47452,46687,46996,1377225611,29240.065690433807
2021-08-20 20:00:00,BTCUSD,720,1629460800,46996,49462,46943,49341,2316220536,47779.503357008885
2021-08-21 08:00:00,BTCUSD,720,1629504000,49341,49436.5,48289,48559.5,1729581652,35405.741821158976
2021-08-21 20:00:00,BTCUSD,720,1629547200,48559.5,49834.5,48505.5,48841,1791512477,36376.9132035199
2021-08-22 08:00:00,BTCUSD,720,1629590400,48841,49496,48653,49182,1210542974,24657.342396930777
2021-08-22 20:00:00,BTCUSD,720,1629633600,49182,49537,48090,49303,1908414132,39180.242751362326
2021-08-23 08:00:00,BTCUSD,720,1629676800,49303,50564.5,49135,50451,1723328276,34406.59957991172
2021-08-23 20:00:00,BTCUSD,720,1629720000,50451,50513.5,49048,49546.5,1859537171,37424.658105461625
2021-08-24 08:00:00,BTCUSD,720,1629763200,49546.5,49891,48792.5,49459,1660958198,33615.489876044805
2021-08-24 20:00:00,BTCUSD,720,1629806400,49459,49475,47592.5,47700.5,2536678733,52430.808992663275
2021-08-25 08:00:00,BTCUSD,720,1629849600,47700.5,48594.5,47125,47587.5,1763093337,36869.405021554005
2021-08-25 20:00:00,BTCUSD,720,1629892800,47587.5,49271.5,47325.5,49010,1943276256,40109.73739189813
2021-08-26 08:00:00,BTCUSD,720,1629936000,49010,49383,46575,46850,2490593071,52352.15009025802
2021-08-26 20:00:00,BTCUSD,720,1629979200,46850,47444.5,46257,46855,2088166596,44447.253505008746
2021-08-27 08:00:00,BTCUSD,720,1630022400,46855,47771,46385,47452,1970206439,41747.34904628757
2021-08-27 20:00:00,BTCUSD,720,1630065600,47452,49200,47051.5,49091.5,2023199094,41955.61782591003
2021-08-28 08:00:00,BTCUSD,720,1630108800,49091.5,49324.5,48716.5,48751.5,1267894021,25870.414747800143
2021-08-28 20:00:00,BTCUSD,720,1630152000,48751.5,49250,48425,48936.5,1907264542,39074.03744565858
2021-08-29 08:00:00,BTCUSD,720,1630195200,48936.5,49700,47724.5,48200,2446308032,50241.54638958741
2021-08-29 20:00:00,BTCUSD,720,1630238400,48200,49430,48159.5,48815,1651594988,33878.51025836212
2021-08-30 08:00:00,BTCUSD,720,1630281600,48815,48901.5,47600,47944.5,1959639409,40710.92108180802
2021-08-30 20:00:00,BTCUSD,720,1630324800,47944.5,48760,46873,46993,2490793820,52021.30891908859
2021-08-31 08:00:00,BTCUSD,720,1630368000,46993,48140.5,46712,48050.5,2630833479,55480.33146994603
2021-08-31 20:00:00,BTCUSD,720,1630411200,48050.5,48323,46800,47177,2181857832,45948.48904321636
2021-09-01 08:00:00,BTCUSD,720,1630454400,47177,47843.5,46576,47781,1833119191,38802.85019802713
2021-09-01 20:00:00,BTCUSD,720,1630497600,47781,49170,47300,48891.5,2817725025,58389.04763678532
2021-09-02 08:00:00,BTCUSD,720,1630540800,48891.5,50400,48677.5,50152,2641892081,53122.3299599
2021-09-02 20:00:00,BTCUSD,720,1630584000,50152,50418,49222,49330,2062146718,41431.98364409652
2021-09-03 08:00:00,BTCUSD,720,1630627200,49330,50661.5,48369,50245,3451942785,69657.55278640846
2021-09-03 20:00:00,BTCUSD,720,1630670400,50245,51121,49622.5,50036,2574629607,51002.71038020841
2021-09-04 08:00:00,BTCUSD,720,1630713600,50036,50611.5,49650,49960.5,1611832260,32162.52156459382
2021-09-04 20:00:00,BTCUSD,720,1630756800,49960.5,50355.5,49416,49966,1834298093,36697.95627604664
2021-09-05 08:00:00,BTCUSD,720,1630800000,49966,50459.5,49520.5,50270,1962297042,39214.41276066887
2021-09-05 20:00:00,BTCUSD,720,1630843200,50270,51955,50040.5,51834,2256311229,44319.81494476186
2021-09-06 08:00:00,BTCUSD,720,1630886400,51834,52271,51339.5,51442,1523707859,29426.918363738343
2021-09-06 20:00:00,BTCUSD,720,1630929600,51442,52850,51083,52716.5,2020432120,38923.349430727045
2021-09-07 08:00:00,BTCUSD,720,1630972800,52716.5,52949,50523.5,50975.5,2971310658,57340.90836837318
2021-09-07 20:00:00,BTCUSD,720,1631016000,50975.5,51117,42622,46848.5,9492278710,201915.92432090497
2021-09-08 08:00:00,BTCUSD,720,1631059200,46848.5,47333.5,44412,46409,2893378788,62873.91368617755
2021-09-08 20:00:00,BTCUSD,720,1631102400,46409,46864,45634.5,46064,1873552577,40522.20912604133
2021-09-09 08:00:00,BTCUSD,720,1631145600,46064,46547.5,45504,46310.5,1458746765,31630.48655650033
2021-09-09 20:00:00,BTCUSD,720,1631188800,46310.5,47396,45614.5,46373,1922139689,41226.912846309075
2021-09-10 08:00:00,BTCUSD,720,1631232000,46373,47021.5,45574.5,46323.5,1645939766,35539.12120093218
2021-09-10 20:00:00,BTCUSD,720,1631275200,46323.5,46493.5,44111,44829.5,2593786995,57246.6823369915
2021-09-11 08:00:00,BTCUSD,720,1631318400,44829.5,45705.5,44731,45565,1109192799,24522.77601355394
2021-09-11 20:00:00,BTCUSD,720,1631361600,45565,45984,44990,45149,978703499,21517.745068711673
2021-09-12 08:00:00,BTCUSD,720,1631404800,45149,46200,44758,46045,1192067421,26191.14084528018
2021-09-12 20:00:00,BTCUSD,720,1631448000,46045,46464,44903.5,46034.5,1333770729,29148.67100219217
2021-09-13 08:00:00,BTCUSD,720,1631491200,46034.5,46268,44150.5,44871,1921955520,42882.26675229003
2021-09-13 20:00:00,BTCUSD,720,1631534400,44871,46950,43340,44971.5,3199200050,71269.1374457385
2021-09-14 08:00:00,BTCUSD,720,1631577600,44971.5,46222,44672.5,45979.5,1278198201,28054.986942109153
2021-09-14 20:00:00,BTCUSD,720,1631620800,45979.5,47244,45788.5,47109,1845477261,39605.23892525821
2021-09-15 08:00:00,BTCUSD,720,1631664000,47109,47711,46699,47524,1319680995,27945.764114557176
2021-09-15 20:00:00,BTCUSD,720,1631707200,47524,48464,47287.5,48121.5,1483389151,30932.71213394701
2021-09-16 08:00:00,BTCUSD,720,1631750400,48121.5,48500,47350,47920.5,1409975466,29374.433204679106
2021-09-16 20:00:00,BTCUSD,720,1631793600,47920.5,48230.5,47039.5,47778.5,1762498503,36983.8596158861
2021-09-17 08:00:00,BTCUSD,720,1631836800,47778.5,48150,47276,47406,1214057387,25408.12208013609
2021-09-17 20:00:00,BTCUSD,720,1631880000,47406,47694,46760,47263.5,1494248557,31654.965891744694
2021-09-18 08:00:00,BTCUSD,720,1631923200,47263.5,48800,47043,48371,1195515095,24809.72866276152
2021-09-18 20:00:00,BTCUSD,720,1631966400,48371,48657.5,47817.5,48293.5,1059459528,21957.92272887849
2021-09-19 08:00:00,BTCUSD,720,1632009600,48293.5,48340.5,47140.5,47320,1046695859,21878.116371699565
2021-09-19 20:00:00,BTCUSD,720,1632052800,47320,47796.5,46855,47268,1710401772,36080.171658078885
2021-09-20 08:00:00,BTCUSD,720,1632096000,47268,47325,43168,43731.5,3243982766,71758.30737197786
2021-09-20 20:00:00,BTCUSD,720,1632139200,43731.5,44215,42422.5,42999.5,3316652186,76237.57234198661
2021-09-21 08:00:00,BTCUSD,720,1632182400,42999.5,43605,40032.5,43265,2852733316,67750.35123406434
2021-09-21 20:00:00,BTCUSD,720,1632225600,43265,43502,39500,40711,3856829659,92375.10894595305
2021-09-22 08:00:00,BTCUSD,720,1632268800,40711,42681.5,40546.5,41929.5,1599643285,38241.662385639356
2021-09-22 20:00:00,BTCUSD,720,1632312000,41929.5,44000,41888,43550.5,1809224878,41983.07091686464
2021-09-23 08:00:00,BTCUSD,720,1632355200,43550.5,44433,43101,43650,1505394794,34314.412402313064
2021-09-23 20:00:00,BTCUSD,720,1632398400,43650,44980,43405,44866.5,1549140432,34959.64534527182
2021-09-24 08:00:00,BTCUSD,720,1632441600,44866.5,45119,40679,41551,2924757670,67798.25831883923
2021-09-24 20:00:00,BTCUSD,720,1632484800,41551,43187,40858,42837,1859421587,44244.560580254205
2021-09-25 08:00:00,BTCUSD,720,1632528000,42837,42958,41675.5,42511.5,1351657740,31812.896640437888
2021-09-25 20:00:00,BTCUSD,720,1632571200,42511.5,42812.5,42172.5,42662.5,1087331733,25547.995542045228
2021-09-26 08:00:00,BTCUSD,720,1632614400,42662.5,43782.5,40776,43099,2147786085,50921.85072381936
2021-09-26 20:00:00,BTCUSD,720,1632657600,43099,43940,42716.5,43190,971780048,22438.12216895901
2021-09-27 08:00:00,BTCUSD,720,1632700800,43190,44378.5,42969.5,43795.5,1146372839,26146.38974031261
2021-09-27 20:00:00,BTCUSD,720,1632744000,43795.5,44087.5,42051.5,42134.5,1689463925,39196.72791055824
2021-09-28 08:00:00,BTCUSD,720,1632787200,42134.5,42777.5,41538.5,42092,1304683353,30986.726732157942
2021-09-28 20:00:00,BTCUSD,720,1632830400,42092,42562.5,40850,41009,1617127425,38845.21234700721
2021-09-29 08:00:00,BTCUSD,720,1632873600,41009,42499,40707,42371,1215531108,28992.010816689606
2021-09-29 20:00:00,BTCUSD,720,1632916800,42371,42562,40890,41493,1332517882,31986.963123170564
2021-09-30 08:00:00,BTCUSD,720,1632960000,41493,43804,41390.5,43060,1530025342,35571.5013687289
2021-09-30 20:00:00,BTCUSD,720,1633003200,43060,44095.5,42802.5,43800,1862745966,42941.54915113186
2021-10-01 08:00:00,BTCUSD,720,1633046400,43800,47850,43282,47501.5,2544759055,56038.470908816904
2021-10-01 20:00:00,BTCUSD,720,1633089600,47501.5,48440,46769,48131.5,1777416154,37283.37573221928
2021-10-02 08:00:00,BTCUSD,720,1633132800,48131.5,48208,47436.5,47688.5,696158518,14582.901350360873
2021-10-02 20:00:00,BTCUSD,720,1633176000,47688.5,48350,47575.5,47670.5,928669140,19364.346971807754
2021-10-03 08:00:00,BTCUSD,720,1633219200,47670.5,48100,47156.5,48019.5,683328951,14311.926657560249
2021-10-03 20:00:00,BTCUSD,720,1633262400,48019.5,49300,47652.5,48208,1408578828,29122.955390569452
2021-10-04 08:00:00,BTCUSD,720,1633305600,48208,48269,47260.5,47630,1065583106,22338.184676971283
2021-10-04 20:00:00,BTCUSD,720,1633348800,47630,49516,46939,49234,2494655096,51455.83099346239
2021-10-05 08:00:00,BTCUSD,720,1633392000,49234,50360,49079,49894.5,1599500186,32192.063634597762
2021-10-05 20:00:00,BTCUSD,720,1633435200,49894.5,51901,49608.5,51477.5,1995012137,39336.08008273107
2021-10-06 08:00:00,BTCUSD,720,1633478400,51477.5,51848.5,50405,51341.5,1627602187,31816.69838338233
2021-10-06 20:00:00,BTCUSD,720,1633521600,51341.5,55821,51309.5,55326,3836130140,70767.15890162853
2021-10-07 08:00:00,BTCUSD,720,1633564800,55326,55339,53900,54367.5,1646235063,30134.994675212783
2021-10-07 20:00:00,BTCUSD,720,1633608000,54367.5,54767.5,53384.5,53800.5,1790998996,33112.22123121613
2021-10-08 08:00:00,BTCUSD,720,1633651200,53800.5,56238.5,53640,55329.5,1744653714,31759.621498314522
2021-10-08 20:00:00,BTCUSD,720,1633694400,55329.5,55356.5,53800,53953,1797489132,33005.21680695591
2021-10-09 08:00:00,BTCUSD,720,1633737600,53953,55444,53684.5,54891.5,1346621878,24623.242239156796
2021-10-09 20:00:00,BTCUSD,720,1633780800,54891.5,55595,54326,54965.5,880589271,16021.241344799142
2021-10-10 08:00:00,BTCUSD,720,1633824000,54965.5,56200,54136.5,55200,1700848498,30777.288419310535
2021-10-10 20:00:00,BTCUSD,720,1633867200,55200,56691.5,54370.5,54725.5,1933628449,34932.61379711687
2021-10-11 08:00:00,BTCUSD,720,1633910400,54725.5,57122,54500,56459.5,1843210459,32766.44066025792
2021-10-11 20:00:00,BTCUSD,720,1633953600,56459.5,57875,56212.5,57519.5,1806807461,31548.88843584791
2021-10-12 08:00:00,BTCUSD,720,1633996800,57519.5,57700,56503,57275,1601799549,28047.769213646632
2021-10-12 20:00:00,BTCUSD,720,1634040000,57275,57499,53800,56005.5,3201321085,57179.399243579355
2021-10-13 08:00:00,BTCUSD,720,1634083200,56005.5,56597,54237.5,55197.5,2115063183,38302.505655487446
2021-10-13 20:00:00,BTCUSD,720,1634126400,55197.5,57800,54521,57408.5,2380306689,42181.49113519949
2021-10-14 08:00:00,BTCUSD,720,1634169600,57408.5,58590,57180,57666.5,1804792665,31204.069020340947
2021-10-14 20:00:00,BTCUSD,720,1634212800,57666.5,58139,56824,57364,1794152768,31209.99691489062
2021-10-15 08:00:00,BTCUSD,720,1634256000,57364,60082.5,56907.5,59541.5,2442113333,41378.48627925728
2021-10-15 20:00:00,BTCUSD,720,1634299200,59541.5,63100,59246,61695.5,3659464134,59857.85569279124
2021-10-16 08:00:00,BTCUSD,720,1634342400,61695.5,62370,61131.5,61700.5,1167189806,18909.1480069508
2021-10-16 20:00:00,BTCUSD,720,1634385600,61700.5,61700.5,60201,60918.5,1599502338,26286.306325380592
2021-10-17 08:00:00,BTCUSD,720,1634428800,60918.5,61529.5,60337,61030.5,1060254530,17385.194273979872
2021-10-17 20:00:00,BTCUSD,720,1634472000,61030.5,61761.5,58978.5,61574.5,2461339233,40674.47197945035
2021-10-18 08:00:00,BTCUSD,720,1634515200,61574.5,62747,60638.5,60967,2409712707,39005.04867260571
2021-10-18 20:00:00,BTCUSD,720,1634558400,60967,62419,59879.5,62078,2353160217,38292.71591380159
2021-10-19 08:00:00,BTCUSD,720,1634601600,62078,63070,61719,62207,1850252452,29685.20332806623
2021-10-19 20:00:00,BTCUSD,720,1634644800,62207,64494,61393,64306,3642734272,57727.00918728992
2021-10-20 08:00:00,BTCUSD,720,1634688000,64306,64386,63524.5,63870,1231808026,19246.712677826632
2021-10-20 20:00:00,BTCUSD,720,1634731200,63870,67167.5,63852,66038,4351712802,65924.72390152198
2021-10-21 08:00:00,BTCUSD,720,1634774400,66038,66750,64176,64877.5,3933029138,60298.20622381298
2021-10-21 20:00:00,BTCUSD,720,1634817600,64877.5,65670.5,61753.5,62194.5,4244635699,66972.72755447624
2021-10-22 08:00:00,BTCUSD,720,1634860800,62194.5,63739,62194.5,63400,1578773671,25036.202841120066
2021-10-22 20:00:00,BTCUSD,720,1634904000,63400,63760,60055,60743,3165197721,51568.71680633121
2021-10-23 08:00:00,BTCUSD,720,1634947200,60743,61719.5,59627.5,61590.5,1565957992,25744.964796147713
2021-10-23 20:00:00,BTCUSD,720,1634990400,61590.5,61758,60743,61348.5,1276394715,20820.51096210101
2021-10-24 08:00:00,BTCUSD,720,1635033600,61348.5,61523,60214,60337.5,1301050033,21359.268369597215
2021-10-24 20:00:00,BTCUSD,720,1635076800,60337.5,61379.5,59515,60926,1701856605,28189.986273438593
2021-10-25 08:00:00,BTCUSD,720,1635120000,60926,63180.5,60695,62780.5,1545487193,24790.5710304671
2021-10-25 20:00:00,BTCUSD,720,1635163200,62780.5,63790,62600,63140,1635131449,25889.083991337757
2021-10-26 08:00:00,BTCUSD,720,1635206400,63140,63392.5,62240,62846,1125403112,17925.479724259232
2021-10-26 20:00:00,BTCUSD,720,1635249600,62846,62906,59800,60255.5,2832385002,46061.60553799019
2021-10-27 08:00:00,BTCUSD,720,1635292800,60255.5,61524,58017.5,58641,3220844789,53962.27879531119
2021-10-27 20:00:00,BTCUSD,720,1635336000,58641,59624,58223,58476.5,1531317291,26008.13419040219
2021-10-28 08:00:00,BTCUSD,720,1635379200,58476.5,61291.5,58106.5,60997,1643514482,27560.534825169558
2021-10-28 20:00:00,BTCUSD,720,1635422400,60997,62749,57600,60699.5,3216303064,53111.92485739117
2021-10-29 08:00:00,BTCUSD,720,1635465600,60699.5,62182,60222,60970,1454718160,23804.394053067943
2021-10-29 20:00:00,BTCUSD,720,1635508800,60970,63050,60785,62338.5,1652011741,26596.589268033284
2021-10-30 08:00:00,BTCUSD,720,1635552000,62338.5,62401,61090,61637,874413592,14169.242943240717
2021-10-30 20:00:00,BTCUSD,720,1635595200,61637,62305,60658,61936,1179174390,19178.953061110326
2021-10-31 08:00:00,BTCUSD,720,1635638400,61936,62485,60316.5,60509.5,1155916431,18838.84244504961
2021-10-31 20:00:00,BTCUSD,720,1635681600,60509.5,61724.5,60045,61421.5,1009202171,16603.769988012
2021-11-01 08:00:00,BTCUSD,720,1635724800,61421.5,62574.5,59408.5,61918.5,1922580453,31394.29682496406
2021-11-01 20:00:00,BTCUSD,720,1635768000,61918.5,62276,60384,60910.5,1306769725,21358.998949801437
2021-11-02 08:00:00,BTCUSD,720,1635811200,60910.5,63700,60619.5,63077.5,1570509650,25243.128994488696
2021-11-02 20:00:00,BTCUSD,720,1635854400,63077.5,64390.5,62624,63289,1736348371,27343.690787350348
2021-11-03 08:00:00,BTCUSD,720,1635897600,63289,63630,62815.5,63219.5,890909144,14099.655661170616
2021-11-03 20:00:00,BTCUSD,720,1635940800,63219.5,63400,59813,62954,2222526223,35687.47908444223
2021-11-04 08:00:00,BTCUSD,720,1635984000,62954,63151,61316,61520,1198490434,19273.182631326068
2021-11-04 20:00:00,BTCUSD,720,1636027200,61520,62448,60623.5,61465.5,1301979849,21210.47691707958
2021-11-05 08:00:00,BTCUSD,720,1636070400,61465.5,62649,60866,61315.5,1110688245,17943.70268503233
2021-11-05 20:00:00,BTCUSD,720,1636113600,61315.5,61975,60784,61060,1133463929,18517.155017197547
2021-11-06 08:00:00,BTCUSD,720,1636156800,61060,61600,60202.5,60427,1131643241,18562.316668439766
2021-11-06 20:00:00,BTCUSD,720,1636200000,60427,61549.5,60146.5,61534,757545509,12451.13123520947
2021-11-07 08:00:00,BTCUSD,720,1636243200,61534,62468,61446.5,62019,943708883,15216.762078181191
2021-11-07 20:00:00,BTCUSD,720,1636286400,62019,63341,61828.5,63340.5,914700894,14634.632096931
2021-11-08 08:00:00,BTCUSD,720,1636329600,63340.5,66541,63340.5,66118.5,2152506261,32912.277349414086
2021-11-08 20:00:00,BTCUSD,720,1636372800,66118.5,67900,65213,67623.5,1767335087,26662.789901758268
2021-11-09 08:00:00,BTCUSD,720,1636416000,67623.5,68601,67155.5,67714,1531291038,22534.22548316619
2021-11-09 20:00:00,BTCUSD,720,1636459200,67714,68195.5,66217,66969.5,2155866384,32100.166205017904
2021-11-10 08:00:00,BTCUSD,720,1636502400,66969.5,67418.5,66312,66612.5,1024072882,15324.857881512093
2021-11-10 20:00:00,BTCUSD,720,1636545600,66612.5,69182.5,62222,64907.5,4959929409,74892.54653391658
2021-11-11 08:00:00,BTCUSD,720,1636588800,64907.5,65627,64169,65285,1150294423,17730.056756183098
2021-11-11 20:00:00,BTCUSD,720,1636632000,65285,65525,64500,64852.5,1000508303,15389.476380952015
2021-11-12 08:00:00,BTCUSD,720,1636675200,64852.5,65567,63588.5,63805.5,1591901705,24702.067608507336
2021-11-12 20:00:00,BTCUSD,720,1636718400,63805.5,64569.5,62301,64168.5,1885018303,29686.16595401033
2021-11-13 08:00:00,BTCUSD,720,1636761600,64168.5,64475,63409.5,63616,603983561,9456.286444879952
2021-11-13 20:00:00,BTCUSD,720,1636804800,63616,65050,63479.5,64415,929930028,14453.301928399966
2021-11-14 08:00:00,BTCUSD,720,1636848000,64415,65388,64109.5,64473.5,837139798,12932.777360389015
2021-11-14 20:00:00,BTCUSD,720,1636891200,64473.5,65561,63633,65560.5,1131062127,17559.991038479377
2021-11-15 08:00:00,BTCUSD,720,1636934400,65560.5,66400,65333.5,65808.5,1103922148,16761.33914856111
2021-11-15 20:00:00,BTCUSD,720,1636977600,65808.5,65988,63200,63608.5,1588525931,24660.79727034707
2021-11-16 08:00:00,BTCUSD,720,1637020800,63608.5,63608.5,58391,60605,3814435313,62657.870123150824
2021-11-16 20:00:00,BTCUSD,720,1637064000,60605,61405.5,59119,60124.5,1518629507,25136.311234799803
2021-11-17 08:00:00,BTCUSD,720,1637107200,60124.5,60817.5,58403,60782.5,1771109814,29730.610186701168
2021-11-17 20:00:00,BTCUSD,720,1637150400,60782.5,60827,59408.5,60370,1010215056,16801.529835612924
2021-11-18 08:00:00,BTCUSD,720,1637193600,60370,61008.5,59017,59247,1132400993,18901.602364729297
2021-11-18 20:00:00,BTCUSD,720,1637236800,59247,59970,56474.5,56926,3182969192,54923.123086163745
2021-11-19 08:00:00,BTCUSD,720,1637280000,56926,57500,55650,57034.5,1366244217,24138.996263788813
2021-11-19 20:00:00,BTCUSD,720,1637323200,57034.5,58333,56758,58114.5,861867257,14916.482828439732
2021-11-20 08:00:00,BTCUSD,720,1637366400,58114.5,58980,58035,58660.5,656787181,11214.550226399791
2021-11-20 20:00:00,BTCUSD,720,1637409600,58660.5,59912,57439.5,59723,959016606,16329.180152079845
2021-11-21 08:00:00,BTCUSD,720,1637452800,59723,59779.5,58429.5,58762,743602941,12602.617175480744
2021-11-21 20:00:00,BTCUSD,720,1637496000,58762,60096.5,58372,58660,892911903,15063.477855969797
2021-11-22 08:00:00,BTCUSD,720,1637539200,58660,58753,56865.5,57208.5,1298129377,22531.742598978057
2021-11-22 20:00:00,BTCUSD,720,1637582400,57208.5,59545,55650,56283,2060683177,36013.03421394087
2021-11-23 08:00:00,BTCUSD,720,1637625600,56283,57740,55200,56137,1617533507,28612.870593559524
2021-11-23 20:00:00,BTCUSD,720,1637668800,56137,57889.5,56137,57582,1043057599,18217.142834239254
2021-11-24 08:00:00,BTCUSD,720,1637712000,57582,57785,56169.5,56677,828469686,14587.0436051698
2021-11-24 20:00:00,BTCUSD,720,1637755200,56677,57490,55925,57214,839766076,14799.722619979511
2021-11-25 08:00:00,BTCUSD,720,1637798400,57214,58547,57071.5,58074.5,887541128,15360.115190380853
2021-11-25 20:00:00,BTCUSD,720,1637841600,58074.5,59000,58000,58993,313961039,5357.404353720148
